TeamName,Seed,Region,SimilarityPct,ChampionshipPct,CombinedScore
Florida,1,Champion,78.26215322045718,20.0,43.30486128818288
Florida,1,Final Four,78.26215322045718,20.0,43.30486128818288
Auburn,1,Final Four,51.16735333449804,20.0,32.46694133379921
Duke,1,Final Four,26.65838426808419,20.0,22.663353707233675
Houston,1,Final Four,13.615907490651496,20.0,17.4463629962606
