TeamName,Seed,Region,SimilarityPct,ChampionshipPct,CombinedScore
Marquette,1,Champion,70.72550363282059,10.0,34.29020145312823
Marquette,1,Final Four,70.72550363282059,10.0,34.29020145312823
Tennessee,1,Final Four,49.31421945371109,20.0,31.72568778148444
Duke,1,Final Four,26.807065156482764,20.0,22.722826062593107
Michigan St.,1,Final Four,8.316241072111353,20.0,15.32649642884454
